-0.002,-6.99,NaN,-0.969
-6.982,-7.016,-0.971,-0.963
-6.974,-7.042,-0.973,-0.957
-6.968,-7.069,-0.976,-0.952
-6.961,-7.096,-0.978,-0.947
-6.956,-7.125,-0.981,-0.942
-6.951,-7.153,-0.984,-0.938
-6.946,-7.183,-0.986,-0.934
-6.943,-7.212,-0.989,-0.93
-6.939,-7.243,-0.993,-0.927
-6.937,-7.274,-0.996,-0.925
-6.935,-7.305,-0.999,-0.923
-6.934,-7.338,-1.003,-0.921
-6.933,-7.37,-1.007,-0.92
-6.933,-7.404,-1.011,-0.919
-6.934,-7.438,-1.015,-0.919
-6.935,-7.472,-1.019,-0.919
-6.937,-7.507,-1.023,-0.92
-6.94,-7.543,-1.028,-0.921
-6.943,-7.579,-1.033,-0.923
-6.947,-7.615,-1.037,-0.925
-6.952,-7.653,-1.042,-0.928
-6.957,-7.69,-1.048,-0.931
-6.963,-7.729,-1.053,-0.935
-6.97,-7.768,-1.059,-0.94
-6.978,-7.807,-1.064,-0.945
-6.986,-7.847,-1.07,-0.95
-6.995,-7.887,-1.076,-0.956
-7.004,-7.928,-1.083,-0.962
-7.015,-7.969,-1.089,-0.969
-7.026,-8.011,-1.096,-0.977
-7.037,-8.053,-1.103,-0.985
-7.05,-8.096,-1.11,-0.993
-7.063,-8.139,-1.117,-1.002
-7.077,-8.183,-1.124,-1.012
-7.091,-8.226,-1.131,-1.022
-7.106,-8.271,-1.139,-1.033
-7.122,-8.315,-1.147,-1.044
-7.139,-8.36,-1.155,-1.055
-7.156,-8.406,-1.163,-1.067
-7.174,-8.451,-1.171,-1.08
-7.192,-8.497,-1.179,-1.093
-7.211,-8.544,-1.188,-1.107
-7.231,-8.59,-1.197,-1.121
-7.252,-8.637,-1.205,-1.135
-7.273,-8.684,-1.214,-1.15
-7.295,-8.731,-1.223,-1.165
-7.317,-8.779,-1.233,-1.181
-7.34,-8.826,-1.242,-1.198
-7.364,-8.874,-1.251,-1.214
-7.388,-8.922,-1.261,-1.231
-7.413,-8.97,-1.271,-1.249
-7.439,-9.018,-1.28,-1.267
-7.465,-9.066,-1.29,-1.285
-7.492,-9.115,-1.3,-1.303
-7.519,-9.163,-1.31,-1.322
-7.547,-9.211,-1.321,-1.342
-7.575,-9.26,-1.331,-1.361
-7.604,-9.308,-1.341,-1.381
-7.634,-9.357,-1.351,-1.402
-7.664,-9.405,-1.362,-1.422
-7.695,-9.453,-1.372,-1.443
-7.726,-9.501,-1.383,-1.464
-7.758,-9.549,-1.393,-1.486
-7.79,-9.597,-1.404,-1.508
-7.823,-9.645,-1.415,-1.529
-7.856,-9.693,-1.426,-1.552
-7.89,-9.741,-1.436,-1.574
-7.924,-9.788,-1.447,-1.597
-7.959,-9.835,-1.458,-1.619
-7.994,-9.882,-1.469,-1.642
-8.03,-9.929,-1.479,-1.665
-8.066,-9.975,-1.49,-1.689
-8.103,-10.022,-1.501,-1.712
-8.14,-10.068,-1.512,-1.736
-8.178,-10.113,-1.523,-1.76
-8.216,-10.159,-1.533,-1.783
-8.254,-10.204,-1.544,-1.807
-8.293,-10.249,-1.555,-1.831
-8.333,-10.293,-1.566,-1.855
-8.372,-10.337,-1.576,-1.879
-8.413,-10.381,-1.587,-1.904
-8.454,-10.424,-1.597,-1.928
-8.495,-10.468,-1.608,-1.952
-8.536,-10.51,-1.619,-1.977
-8.578,-10.553,-1.629,-2.001
-8.621,-10.595,-1.639,-2.025
-8.664,-10.636,-1.65,-2.049
-8.707,-10.677,-1.66,-2.074
-8.751,-10.718,-1.67,-2.098
-8.795,-10.759,-1.681,-2.122
-8.839,-10.799,-1.691,-2.146
-8.884,-10.838,-1.701,-2.171
-8.93,-10.877,-1.711,-2.195
-8.975,-10.916,-1.721,-2.219
-9.022,-10.954,-1.73,-2.243
-9.068,-10.992,-1.74,-2.266
-9.115,-11.03,-1.75,-2.29
-9.163,-11.067,-1.759,-2.314
-9.211,-11.103,-1.769,-2.337
-9.259,-11.14,-1.778,-2.361
-9.308,-11.175,-1.787,-2.384
-9.357,-11.211,-1.797,-2.407
-9.406,-11.246,-1.806,-2.43
-9.457,-11.28,-1.815,-2.453
-9.507,-11.314,-1.824,-2.476
-9.558,-11.348,-1.833,-2.499
-9.609,-11.381,-1.841,-2.521
-9.661,-11.414,-1.85,-2.543
-9.713,-11.446,-1.859,-2.565
-9.766,-11.478,-1.867,-2.587
-9.819,-11.51,-1.875,-2.609
-9.873,-11.541,-1.884,-2.63
-9.927,-11.572,-1.892,-2.652
-9.982,-11.602,-1.9,-2.673
-10.037,-11.632,-1.908,-2.694
-10.093,-11.662,-1.916,-2.715
-10.149,-11.691,-1.923,-2.735
-10.206,-11.72,-1.931,-2.756
-10.263,-11.748,-1.939,-2.776
-10.321,-11.777,-1.946,-2.796
-10.379,-11.804,-1.953,-2.815
-10.438,-11.832,-1.961,-2.835
-10.497,-11.859,-1.968,-2.854
-10.557,-11.885,-1.975,-2.873
-10.617,-11.912,-1.982,-2.892
-10.678,-11.938,-1.989,-2.91
-10.74,-11.963,-1.996,-2.929
-10.802,-11.989,-2.002,-2.947
-10.865,-12.014,-2.009,-2.965
-10.929,-12.039,-2.015,-2.982
-10.993,-12.063,-2.022,-3
-11.057,-12.087,-2.028,-3.017
-11.123,-12.111,-2.034,-3.034
-11.189,-12.134,-2.041,-3.05
-11.256,-12.158,-2.047,-3.067
-11.323,-12.18,-2.053,-3.083
-11.391,-12.203,-2.059,-3.099
-11.46,-12.225,-2.064,-3.115
-11.529,-12.248,-2.07,-3.13
-11.6,-12.269,-2.076,-3.146
-11.671,-12.291,-2.081,-3.161
-11.743,-12.312,-2.087,-3.175
-11.815,-12.333,-2.092,-3.19
-11.889,-12.354,-2.098,-3.204
-11.963,-12.375,-2.103,-3.219
-12.038,-12.395,-2.108,-3.232
-12.114,-12.415,-2.114,-3.246
-12.19,-12.435,-2.119,-3.26
-12.268,-12.454,-2.124,-3.273
-12.347,-12.473,-2.129,-3.286
-12.426,-12.493,-2.134,-3.299
-12.506,-12.511,-2.139,-3.311
-12.587,-12.53,-2.144,-3.324
-12.67,-12.548,-2.148,-3.336
-12.753,-12.566,-2.153,-3.348
-12.837,-12.584,-2.158,-3.36
-12.922,-12.602,-2.163,-3.371
-13.008,-12.619,-2.167,-3.383
-13.096,-12.637,-2.172,-3.394
-13.184,-12.654,-2.176,-3.405
-13.273,-12.67,-2.181,-3.416
-13.364,-12.687,-2.186,-3.426
-13.456,-12.703,-2.19,-3.437
-13.548,-12.719,-2.195,-3.447
-13.642,-12.735,-2.199,-3.458
-13.738,-12.751,-2.204,-3.468
-13.834,-12.766,-2.208,-3.478
-13.932,-12.781,-2.213,-3.487
-14.031,-12.796,-2.217,-3.497
-14.131,-12.81,-2.222,-3.507
-14.232,-12.825,-2.226,-3.516
-14.335,-12.839,-2.231,-3.525
-14.439,-12.853,-2.235,-3.535
-14.545,-12.866,-2.24,-3.544
-14.652,-12.879,-2.244,-3.553
-14.76,-12.892,-2.249,-3.562
-14.87,-12.905,-2.253,-3.57
-14.981,-12.917,-2.258,-3.579
-15.094,-12.929,-2.263,-3.588
-15.208,-12.941,-2.267,-3.597
-15.324,-12.952,-2.272,-3.605
-15.441,-12.963,-2.277,-3.614
-15.56,-12.973,-2.282,-3.623
-15.681,-12.984,-2.287,-3.631
-15.803,-12.994,-2.292,-3.64
-15.927,-13.003,-2.297,-3.649
-16.053,-13.012,-2.302,-3.657
-16.18,-13.021,-2.307,-3.666
-16.309,-13.029,-2.313,-3.675
-16.44,-13.037,-2.318,-3.683
-16.572,-13.044,-2.324,-3.692
-16.707,-13.051,-2.329,-3.701
-16.843,-13.058,-2.335,-3.71
-16.981,-13.064,-2.341,-3.719
-17.121,-13.069,-2.346,-3.728
-17.263,-13.074,-2.352,-3.737
-17.407,-13.079,-2.358,-3.747
-17.552,-13.083,-2.365,-3.756
-17.7,-13.086,-2.371,-3.766
-17.849,-13.089,-2.378,-3.776
-18.001,-13.091,-2.384,-3.786
-18.154,-13.093,-2.391,-3.796
-18.309,-13.094,-2.398,-3.807
-18.467,-13.094,-2.405,-3.818
-18.626,-13.094,-2.412,-3.829
-18.787,-13.093,-2.419,-3.84
-18.95,-13.092,-2.427,-3.851
-19.115,-13.089,-2.434,-3.863
-19.282,-13.086,-2.442,-3.875
-19.451,-13.083,-2.45,-3.887
-19.622,-13.078,-2.458,-3.9
-19.794,-13.073,-2.467,-3.913
-19.968,-13.068,-2.475,-3.926
-20.144,-13.061,-2.484,-3.94
-20.321,-13.054,-2.493,-3.954
-20.5,-13.046,-2.502,-3.968
-20.68,-13.037,-2.511,-3.983
-20.862,-13.027,-2.521,-3.998
-21.045,-13.017,-2.531,-4.014
-21.229,-13.006,-2.54,-4.03
-21.414,-12.994,-2.551,-4.046
-21.6,-12.981,-2.561,-4.063
-21.787,-12.968,-2.571,-4.081
-21.974,-12.953,-2.582,-4.099
-22.161,-12.938,-2.593,-4.117
-22.348,-12.922,-2.604,-4.136
-22.535,-12.906,-2.615,-4.156
-22.722,-12.888,-2.627,-4.176
-22.908,-12.87,-2.639,-4.197
-23.093,-12.851,-2.651,-4.218
-23.277,-12.831,-2.663,-4.24
-23.459,-12.811,-2.675,-4.262
-23.639,-12.789,-2.688,-4.285
-23.816,-12.767,-2.701,-4.309
-23.991,-12.745,-2.714,-4.333
-24.163,-12.721,-2.727,-4.358
-24.331,-12.697,-2.741,-4.383
-24.495,-12.672,-2.755,-4.409
-24.655,-12.647,-2.768,-4.436
-24.81,-12.621,-2.783,-4.464
-24.96,-12.594,-2.797,-4.492
-25.105,-12.567,-2.811,-4.521
-25.243,-12.539,-2.826,-4.55
-25.375,-12.51,-2.841,-4.581
-25.501,-12.481,-2.856,-4.612
-25.62,-12.452,-2.871,-4.644
-25.731,-12.422,-2.887,-4.676
-25.835,-12.392,-2.902,-4.709
-25.932,-12.361,-2.918,-4.743
-26.021,-12.33,-2.934,-4.778
-26.103,-12.298,-2.95,-4.813
-26.176,-12.266,-2.966,-4.849
-26.242,-12.234,-2.982,-4.886
-26.301,-12.201,-2.999,-4.923
-26.352,-12.168,-3.015,-4.962
-26.396,-12.135,-3.032,-5
-26.433,-12.102,-3.049,-5.04
-26.463,-12.069,-3.066,-5.081
-26.486,-12.035,-3.083,-5.122
-26.503,-12.001,-3.1,-5.164
-26.514,-11.967,-3.117,-5.206
-26.52,-11.934,-3.135,-5.25
-26.52,-11.9,-3.152,-5.294
-26.516,-11.866,-3.17,-5.338
-26.506,-11.832,-3.187,-5.384
-26.493,-11.798,-3.205,-5.43
-26.475,-11.764,-3.222,-5.477
-26.454,-11.73,-3.24,-5.524
-26.43,-11.696,-3.257,-5.572
-26.402,-11.663,-3.275,-5.621
-26.372,-11.629,-3.293,-5.67
-26.339,-11.596,-3.31,-5.72
-26.304,-11.563,-3.328,-5.771
-26.266,-11.53,-3.346,-5.822
-26.227,-11.498,-3.363,-5.874
-26.186,-11.465,-3.381,-5.926
-26.143,-11.433,-3.398,-5.979
-26.098,-11.401,-3.416,-6.033
-26.052,-11.37,-3.433,-6.087
-26.004,-11.338,-3.451,-6.141
-25.955,-11.308,-3.468,-6.197
-25.905,-11.277,-3.486,-6.252
-25.853,-11.247,-3.503,-6.308
-25.801,-11.217,-3.52,-6.365
-25.747,-11.187,-3.537,-6.422
-25.691,-11.158,-3.554,-6.479
-25.635,-11.13,-3.571,-6.537
-25.577,-11.101,-3.588,-6.595
-25.518,-11.073,-3.605,-6.654
-25.458,-11.046,-3.621,-6.713
-25.396,-11.019,-3.638,-6.772
-25.333,-10.992,-3.654,-6.832
-25.269,-10.966,-3.67,-6.892
-25.203,-10.94,-3.687,-6.952
-25.135,-10.915,-3.703,-7.013
-25.067,-10.89,-3.719,-7.074
-24.996,-10.866,-3.734,-7.135
-24.925,-10.842,-3.75,-7.196
-24.851,-10.818,-3.766,-7.258
-24.777,-10.795,-3.781,-7.319
-24.7,-10.773,-3.796,-7.381
-24.622,-10.75,-3.812,-7.443
-24.542,-10.729,-3.827,-7.506
-24.461,-10.708,-3.842,-7.568
-24.379,-10.687,-3.857,-7.63
-24.294,-10.667,-3.871,-7.693
-24.208,-10.647,-3.886,-7.755
-24.121,-10.628,-3.9,-7.818
-24.032,-10.609,-3.915,-7.881
-23.942,-10.591,-3.929,-7.943
-23.85,-10.573,-3.943,-8.006
-23.757,-10.555,-3.957,-8.069
-23.663,-10.539,-3.971,-8.131
-23.568,-10.522,-3.985,-8.194
-23.471,-10.506,-3.998,-8.256
-23.373,-10.491,-4.012,-8.319
-23.274,-10.475,-4.025,-8.381
-23.174,-10.461,-4.039,-8.443
-23.074,-10.447,-4.052,-8.505
-22.972,-10.433,-4.065,-8.567
-22.869,-10.42,-4.078,-8.629
-22.766,-10.407,-4.091,-8.69
-22.662,-10.395,-4.104,-8.752
-22.558,-10.383,-4.117,-8.813
-22.453,-10.371,-4.129,-8.874
-22.348,-10.36,-4.142,-8.934
-22.242,-10.35,-4.154,-8.995
-22.136,-10.339,-4.167,-9.055
-22.03,-10.33,-4.179,-9.114
-21.924,-10.32,-4.192,-9.174
-21.817,-10.311,-4.204,-9.233
-21.71,-10.303,-4.216,-9.292
-21.604,-10.295,-4.228,-9.35
-21.498,-10.287,-4.24,-9.408
-21.391,-10.28,-4.252,-9.466
-21.285,-10.273,-4.264,-9.523
-21.179,-10.267,-4.276,-9.58
-21.074,-10.261,-4.288,-9.636
-20.968,-10.256,-4.3,-9.692
-20.863,-10.251,-4.312,-9.748
-20.759,-10.246,-4.324,-9.803
-20.655,-10.242,-4.336,-9.857
-20.551,-10.238,-4.347,-9.911
-20.448,-10.234,-4.359,-9.965
-20.346,-10.231,-4.371,-10.018
-20.244,-10.229,-4.383,-10.07
-20.142,-10.227,-4.395,-10.122
-20.042,-10.225,-4.406,-10.173
-19.942,-10.223,-4.418,-10.224
-19.843,-10.223,-4.43,-10.274
-19.744,-10.222,-4.442,-10.323
-19.646,-10.222,-4.454,-10.372
-19.549,-10.222,-4.465,-10.42
-19.453,-10.223,-4.477,-10.467
-19.357,-10.224,-4.489,-10.514
-19.262,-10.225,-4.501,-10.56
-19.168,-10.227,-4.513,-10.606
-19.075,-10.23,-4.525,-10.65
-18.982,-10.232,-4.537,-10.694
-18.891,-10.235,-4.549,-10.737
-18.8,-10.239,-4.562,-10.78
-18.71,-10.243,-4.574,-10.821
-18.621,-10.247,-4.586,-10.862
-18.533,-10.252,-4.598,-10.902
-18.445,-10.258,-4.611,-10.941
-18.359,-10.263,-4.623,-10.98
-18.273,-10.269,-4.636,-11.017
-18.188,-10.276,-4.649,-11.054
-18.104,-10.283,-4.661,-11.09
-18.02,-10.291,-4.674,-11.125
-17.938,-10.298,-4.687,-11.159
-17.856,-10.307,-4.7,-11.192
-17.775,-10.316,-4.713,-11.224
-17.695,-10.325,-4.726,-11.255
-17.616,-10.335,-4.74,-11.285
-17.538,-10.345,-4.753,-11.314
-17.46,-10.356,-4.767,-11.343
-17.383,-10.367,-4.78,-11.37
-17.307,-10.378,-4.794,-11.396
-17.232,-10.391,-4.808,-11.421
-17.157,-10.403,-4.822,-11.445
-17.084,-10.416,-4.836,-11.469
-17.011,-10.43,-4.85,-11.491
-16.939,-10.444,-4.865,-11.512
-16.867,-10.459,-4.879,-11.531
-16.796,-10.474,-4.894,-11.55
-16.726,-10.49,-4.909,-11.568
-16.657,-10.506,-4.924,-11.585
-16.589,-10.523,-4.939,-11.6
-16.521,-10.54,-4.954,-11.614
-16.454,-10.558,-4.97,-11.627
-16.387,-10.576,-4.985,-11.639
-16.321,-10.595,-5.001,-11.65
-16.256,-10.615,-5.017,-11.66
-16.192,-10.635,-5.033,-11.668
-16.128,-10.656,-5.05,-11.675
-16.065,-10.677,-5.066,-11.681
-16.002,-10.699,-5.083,-11.686
-15.941,-10.722,-5.1,-11.69
-15.879,-10.745,-5.117,-11.692
-15.819,-10.769,-5.134,-11.693
-15.759,-10.794,-5.152,-11.693
-15.7,-10.819,-5.169,-11.692
-15.641,-10.845,-5.187,-11.689
-15.583,-10.871,-5.206,-11.686
-15.525,-10.899,-5.224,-11.681
-15.468,-10.927,-5.242,-11.675
-15.412,-10.955,-5.261,-11.667
-15.356,-10.985,-5.28,-11.658
-15.301,-11.015,-5.3,-11.649
-15.246,-11.046,-5.319,-11.637
-15.192,-11.077,-5.339,-11.625
-15.139,-11.109,-5.359,-11.612
-15.086,-11.143,-5.379,-11.597
-15.033,-11.176,-5.4,-11.581
-14.982,-11.211,-5.42,-11.564
-14.93,-11.246,-5.441,-11.545
-14.88,-11.283,-5.463,-11.526
-14.83,-11.32,-5.484,-11.505
-14.78,-11.358,-5.506,-11.484
-14.731,-11.396,-5.528,-11.461
-14.683,-11.436,-5.55,-11.437
-14.635,-11.476,-5.573,-11.412
-14.587,-11.518,-5.596,-11.386
-14.541,-11.56,-5.619,-11.358
-14.494,-11.603,-5.643,-11.33
-14.449,-11.647,-5.666,-11.301
-14.404,-11.691,-5.69,-11.271
-14.359,-11.737,-5.715,-11.239
-14.315,-11.784,-5.739,-11.207
-14.272,-11.831,-5.764,-11.174
-14.229,-11.879,-5.789,-11.14
-14.187,-11.929,-5.815,-11.105
-14.146,-11.979,-5.841,-11.069
-14.105,-12.03,-5.867,-11.032
-14.064,-12.082,-5.893,-10.995
-14.025,-12.135,-5.92,-10.957
-13.986,-12.189,-5.947,-10.918
-13.947,-12.243,-5.974,-10.878
-13.91,-12.299,-6.002,-10.838
-13.873,-12.356,-6.03,-10.796
-13.836,-12.413,-6.058,-10.755
-13.8,-12.471,-6.086,-10.712
-13.765,-12.531,-6.115,-10.669
-13.731,-12.591,-6.144,-10.626
-13.697,-12.652,-6.173,-10.582
-13.665,-12.713,-6.203,-10.538
-13.632,-12.776,-6.233,-10.493
-13.601,-12.839,-6.263,-10.447
-13.57,-12.904,-6.294,-10.402
-13.541,-12.968,-6.324,-10.356
-13.512,-13.034,-6.355,-10.309
-13.483,-13.1,-6.386,-10.262
-13.456,-13.167,-6.418,-10.215
-13.429,-13.235,-6.45,-10.168
-13.404,-13.303,-6.482,-10.121
-13.379,-13.371,-6.514,-10.073
-13.355,-13.441,-6.546,-10.026
-13.332,-13.51,-6.579,-9.978
-13.31,-13.58,-6.612,-9.93
-13.288,-13.65,-6.645,-9.882
-13.268,-13.721,-6.678,-9.834
-13.249,-13.791,-6.712,-9.786
-13.23,-13.862,-6.746,-9.738
-13.213,-13.933,-6.779,-9.69
-13.197,-14.004,-6.813,-9.643
-13.181,-14.074,-6.848,-9.595
-13.167,-14.145,-6.882,-9.548
-13.153,-14.215,-6.916,-9.5
-13.141,-14.285,-6.951,-9.453
-13.13,-14.354,-6.985,-9.406
-13.12,-14.423,-7.02,-9.36
-13.111,-14.491,-7.055,-9.313
-13.103,-14.558,-7.09,-9.267
-13.096,-14.624,-7.125,-9.221
-13.09,-14.69,-7.16,-9.175
-13.086,-14.754,-7.194,-9.13
-13.082,-14.817,-7.229,-9.085
-13.08,-14.878,-7.264,-9.041
-13.079,-14.938,-7.299,-8.997
-13.079,-14.997,-7.334,-8.953
-13.08,-15.054,-7.369,-8.91
-13.083,-15.108,-7.404,-8.867
-13.087,-15.161,-7.439,-8.824
-13.092,-15.212,-7.473,-8.782
-13.098,-15.261,-7.508,-8.741
-13.105,-15.307,-7.543,-8.7
-13.114,-15.352,-7.577,-8.659
-13.124,-15.393,-7.611,-8.619
-13.135,-15.432,-7.645,-8.579
-13.148,-15.469,-7.679,-8.54
-13.161,-15.502,-7.713,-8.501
-13.176,-15.533,-7.746,-8.463
-13.193,-15.561,-7.78,-8.425
-13.21,-15.586,-7.813,-8.388
-13.229,-15.608,-7.846,-8.351
-13.249,-15.627,-7.879,-8.315
-13.271,-15.644,-7.911,-8.279
-13.294,-15.657,-7.943,-8.244
-13.318,-15.667,-7.975,-8.209
-13.343,-15.674,-8.007,-8.175
-13.37,-15.678,-8.039,-8.141
-13.398,-15.679,-8.07,-8.107
-13.427,-15.678,-8.101,-8.075
-13.458,-15.673,-8.131,-8.042
-13.49,-15.665,-8.162,-8.01
-13.523,-15.655,-8.192,-7.979
-13.558,-15.642,-8.221,-7.948
-13.594,-15.626,-8.251,-7.917
-13.631,-15.608,-8.28,-7.887
-13.67,-15.588,-8.309,-7.857
-13.709,-15.564,-8.337,-7.828
-13.751,-15.539,-8.365,-7.799
-13.793,-15.511,-8.393,-7.771
-13.837,-15.482,-8.421,-7.743
-13.883,-15.45,-8.448,-7.715
-13.929,-15.416,-8.475,-7.688
-13.977,-15.381,-8.501,-7.661
-14.026,-15.343,-8.528,-7.634
-14.077,-15.305,-8.554,-7.608
-14.129,-15.264,-8.579,-7.582
-14.182,-15.222,-8.605,-7.556
-14.237,-15.179,-8.63,-7.531
-14.293,-15.135,-8.654,-7.506
-14.35,-15.09,-8.679,-7.481
-14.409,-15.043,-8.703,-7.456
-14.469,-14.996,-8.727,-7.432
-14.53,-14.948,-8.751,-7.408
-14.593,-14.899,-8.774,-7.384
-14.657,-14.849,-8.797,-7.361
-14.723,-14.799,-8.82,-7.337
-14.789,-14.748,-8.842,-7.314
-14.858,-14.697,-8.864,-7.291
-14.927,-14.645,-8.886,-7.268
-14.998,-14.593,-8.908,-7.246
-15.071,-14.54,-8.929,-7.223
-15.145,-14.488,-8.951,-7.201
-15.22,-14.435,-8.972,-7.178
-15.296,-14.382,-8.993,-7.156
-15.374,-14.329,-9.013,-7.134
-15.454,-14.276,-9.034,-7.112
-15.535,-14.223,-9.054,-7.09
-15.617,-14.17,-9.074,-7.068
-15.701,-14.117,-9.094,-7.047
-15.786,-14.064,-9.113,-7.025
-15.873,-14.011,-9.133,-7.003
-15.961,-13.958,-9.152,-6.981
-16.051,-13.906,-9.171,-6.96
-16.142,-13.854,-9.19,-6.938
-16.235,-13.802,-9.209,-6.916
-16.33,-13.75,-9.228,-6.894
-16.426,-13.698,-9.247,-6.873
-16.523,-13.647,-9.265,-6.851
-16.622,-13.596,-9.283,-6.829
-16.723,-13.545,-9.302,-6.807
-16.826,-13.495,-9.32,-6.785
-16.93,-13.445,-9.338,-6.763
-17.036,-13.395,-9.356,-6.741
-17.143,-13.346,-9.374,-6.718
-17.252,-13.296,-9.392,-6.696
-17.363,-13.248,-9.409,-6.673
-17.476,-13.199,-9.427,-6.651
-17.59,-13.151,-9.445,-6.628
-17.707,-13.103,-9.462,-6.605
-17.825,-13.056,-9.48,-6.582
-17.945,-13.008,-9.497,-6.559
-18.067,-12.962,-9.515,-6.535
-18.191,-12.915,-9.532,-6.512
-18.317,-12.869,-9.549,-6.488
-18.445,-12.823,-9.567,-6.464
-18.574,-12.778,-9.584,-6.44
-18.706,-12.732,-9.601,-6.416
-18.84,-12.687,-9.618,-6.391
-18.977,-12.643,-9.636,-6.366
-19.115,-12.599,-9.653,-6.341
-19.255,-12.554,-9.67,-6.316
-19.398,-12.511,-9.687,-6.291
-19.543,-12.467,-9.705,-6.265
-19.69,-12.424,-9.722,-6.239
-19.84,-12.381,-9.739,-6.213
-19.992,-12.338,-9.756,-6.187
-20.146,-12.296,-9.774,-6.16
-20.303,-12.254,-9.791,-6.133
-20.462,-12.212,-9.808,-6.106
-20.624,-12.17,-9.826,-6.079
-20.789,-12.129,-9.843,-6.051
-20.955,-12.087,-9.861,-6.023
-21.125,-12.046,-9.878,-5.995
-21.297,-12.005,-9.896,-5.966
-21.472,-11.964,-9.913,-5.938
-21.649,-11.924,-9.931,-5.908
-21.829,-11.883,-9.948,-5.879
-22.012,-11.843,-9.966,-5.85
-22.197,-11.803,-9.984,-5.82
-22.385,-11.763,-10.001,-5.789
-22.576,-11.723,-10.019,-5.759
-22.769,-11.683,-10.037,-5.728
-22.964,-11.643,-10.055,-5.697
-23.162,-11.604,-10.073,-5.666
-23.362,-11.564,-10.091,-5.634
-23.565,-11.525,-10.109,-5.602
-23.77,-11.486,-10.127,-5.57
-23.976,-11.446,-10.145,-5.537
-24.184,-11.407,-10.163,-5.504
-24.394,-11.368,-10.182,-5.471
-24.605,-11.329,-10.2,-5.438
-24.817,-11.289,-10.218,-5.404
-25.029,-11.25,-10.237,-5.37
-25.241,-11.211,-10.255,-5.335
-25.452,-11.172,-10.273,-5.301
-25.662,-11.133,-10.292,-5.266
-25.871,-11.094,-10.311,-5.231
-26.077,-11.055,-10.329,-5.195
-26.279,-11.016,-10.348,-5.159
-26.477,-10.976,-10.367,-5.123
-26.67,-10.937,-10.385,-5.087
-26.856,-10.898,-10.404,-5.05
-27.035,-10.858,-10.423,-5.013
-27.205,-10.819,-10.442,-4.976
-27.365,-10.78,-10.461,-4.939
-27.513,-10.74,-10.479,-4.901
-27.649,-10.7,-10.498,-4.863
-27.77,-10.661,-10.517,-4.825
-27.877,-10.621,-10.536,-4.786
-27.967,-10.581,-10.555,-4.748
-28.04,-10.541,-10.574,-4.709
-28.096,-10.501,-10.593,-4.67
-28.133,-10.46,-10.612,-4.63
-28.151,-10.42,-10.631,-4.591
-28.151,-10.38,-10.65,-4.551
-28.132,-10.339,-10.669,-4.511
-28.094,-10.298,-10.688,-4.471
-28.04,-10.257,-10.707,-4.43
-27.969,-10.216,-10.726,-4.39
-27.882,-10.175,-10.745,-4.349
-27.781,-10.134,-10.764,-4.308
-27.667,-10.093,-10.783,-4.267
-27.541,-10.051,-10.801,-4.226
-27.405,-10.009,-10.82,-4.184
-27.259,-9.968,-10.839,-4.143
-27.105,-9.926,-10.857,-4.101
-26.945,-9.884,-10.876,-4.06
-26.779,-9.841,-10.894,-4.018
-26.608,-9.799,-10.913,-3.976
-26.433,-9.757,-10.931,-3.934
-26.256,-9.714,-10.949,-3.892
-26.077,-9.671,-10.967,-3.85
-25.896,-9.629,-10.985,-3.808
-25.715,-9.586,-11.003,-3.766
-25.534,-9.543,-11.021,-3.724
-25.353,-9.499,-11.039,-3.682
-25.173,-9.456,-11.056,-3.639
-24.995,-9.413,-11.074,-3.597
-24.817,-9.369,-11.091,-3.555
-24.642,-9.326,-11.108,-3.513
-24.469,-9.282,-11.125,-3.471
-24.298,-9.238,-11.141,-3.43
-24.129,-9.195,-11.158,-3.388
-23.963,-9.151,-11.174,-3.346
-23.799,-9.107,-11.19,-3.305
-23.638,-9.063,-11.206,-3.263
-23.48,-9.019,-11.222,-3.222
-23.325,-8.975,-11.237,-3.181
-23.172,-8.931,-11.252,-3.14
-23.023,-8.888,-11.267,-3.1
-22.876,-8.844,-11.282,-3.059
-22.733,-8.8,-11.296,-3.019
-22.592,-8.756,-11.311,-2.979
-22.454,-8.712,-11.325,-2.939
-22.32,-8.668,-11.338,-2.9
-22.188,-8.625,-11.352,-2.861
-22.059,-8.581,-11.365,-2.822
-21.932,-8.538,-11.377,-2.783
-21.809,-8.495,-11.39,-2.745
-21.689,-8.451,-11.402,-2.707
-21.571,-8.408,-11.414,-2.67
-21.456,-8.365,-11.426,-2.633
-21.344,-8.323,-11.437,-2.596
-21.234,-8.28,-11.448,-2.56
-21.127,-8.238,-11.459,-2.524
-21.023,-8.196,-11.469,-2.489
-20.921,-8.154,-11.479,-2.454
-20.822,-8.112,-11.489,-2.42
-20.725,-8.071,-11.498,-2.386
-20.631,-8.03,-11.507,-2.352
-20.539,-7.989,-11.516,-2.319
-20.45,-7.949,-11.525,-2.287
-20.363,-7.909,-11.533,-2.255
-20.278,-7.869,-11.541,-2.224
-20.196,-7.829,-11.548,-2.193
-20.116,-7.79,-11.555,-2.163
-20.038,-7.752,-11.562,-2.133
-19.962,-7.713,-11.569,-2.104
-19.889,-7.675,-11.575,-2.076
-19.818,-7.638,-11.581,-2.048
-19.749,-7.601,-11.587,-2.021
-19.682,-7.564,-11.593,-1.995
-19.617,-7.528,-11.598,-1.969
-19.554,-7.492,-11.603,-1.943
-19.492,-7.457,-11.608,-1.919
-19.433,-7.422,-11.613,-1.895
-19.376,-7.388,-11.617,-1.871
-19.321,-7.354,-11.622,-1.849
-19.268,-7.321,-11.626,-1.827
-19.216,-7.288,-11.629,-1.805
-19.166,-7.256,-11.633,-1.785
-19.118,-7.225,-11.637,-1.765
-19.072,-7.194,-11.64,-1.745
-19.027,-7.163,-11.643,-1.727
-18.985,-7.133,-11.647,-1.709
-18.943,-7.104,-11.65,-1.691
-18.904,-7.075,-11.653,-1.675
-18.866,-7.046,-11.655,-1.659
-18.829,-7.019,-11.658,-1.643
-18.794,-6.992,-11.661,-1.628
-18.761,-6.965,-11.664,-1.614
-18.729,-6.939,-11.666,-1.601
-18.698,-6.914,-11.669,-1.588
-18.669,-6.889,-11.672,-1.576
-18.642,-6.865,-11.675,-1.564
-18.615,-6.841,-11.677,-1.553
-18.59,-6.818,-11.68,-1.543
-18.566,-6.795,-11.683,-1.533
-18.544,-6.773,-11.686,-1.524
-18.523,-6.752,-11.689,-1.515
-18.503,-6.731,-11.692,-1.507
-18.484,-6.711,-11.695,-1.5
-18.466,-6.691,-11.698,-1.493
-18.45,-6.672,-11.702,-1.486
-18.434,-6.654,-11.705,-1.481
-18.42,-6.635,-11.709,-1.475
-18.407,-6.618,-11.713,-1.47
-18.395,-6.601,-11.716,-1.466
-18.383,-6.585,-11.721,-1.462
-18.373,-6.569,-11.725,-1.459
-18.364,-6.553,-11.729,-1.456
-18.356,-6.538,-11.734,-1.453
-18.348,-6.524,-11.739,-1.451
-18.342,-6.51,-11.744,-1.449
-18.336,-6.497,-11.749,-1.448
-18.331,-6.484,-11.755,-1.447
-18.327,-6.472,-11.76,-1.446
-18.324,-6.46,-11.766,-1.446
-18.322,-6.448,-11.772,-1.446
-18.32,-6.437,-11.779,-1.446
-18.319,-6.426,-11.785,-1.447
-18.319,-6.416,-11.792,-1.448
-18.32,-6.407,-11.799,-1.449
-18.321,-6.397,-11.807,-1.451
-18.323,-6.388,-11.814,-1.453
-18.326,-6.38,-11.822,-1.455
-18.329,-6.372,-11.83,-1.457
-18.332,-6.364,-11.838,-1.46
-18.337,-6.357,-11.847,-1.462
-18.342,-6.35,-11.856,-1.465
-18.347,-6.343,-11.865,-1.468
-18.354,-6.337,-11.874,-1.471
-18.36,-6.331,-11.884,-1.475
-18.367,-6.325,-11.894,-1.478
-18.375,-6.32,-11.904,-1.482
-18.383,-6.315,-11.914,-1.485
-18.392,-6.31,-11.925,-1.489
-18.401,-6.306,-11.936,-1.493
-18.41,-6.302,-11.947,-1.497
-18.42,-6.298,-11.958,-1.501
-18.43,-6.295,-11.97,-1.505
-18.441,-6.292,-11.982,-1.509
-18.452,-6.289,-11.994,-1.513
-18.464,-6.286,-12.006,-1.518
-18.476,-6.284,-12.018,-1.522
-18.488,-6.282,-12.031,-1.526
-18.501,-6.28,-12.044,-1.53
-18.514,-6.279,-12.058,-1.534
-18.527,-6.277,-12.071,-1.538
-18.54,-6.276,-12.085,-1.542
-18.554,-6.275,-12.099,-1.546
-18.568,-6.275,-12.113,-1.55
-18.583,-6.274,-12.127,-1.554
-18.598,-6.274,-12.141,-1.558
-18.613,-6.274,-12.156,-1.561
-18.628,-6.275,-12.171,-1.565
-18.643,-6.275,-12.186,-1.569
-18.659,-6.276,-12.201,-1.572
-18.675,-6.277,-12.217,-1.575
-18.691,-6.278,-12.233,-1.578
-18.707,-6.279,-12.248,-1.581
-18.724,-6.28,-12.264,-1.584
-18.74,-6.282,-12.28,-1.587
-18.757,-6.284,-12.297,-1.59
-18.774,-6.286,-12.313,-1.592
-18.791,-6.288,-12.33,-1.594
-18.808,-6.29,-12.347,-1.597
-18.826,-6.293,-12.363,-1.599
-18.843,-6.295,-12.38,-1.6
-18.861,-6.298,-12.398,-1.602
-18.878,-6.301,-12.415,-1.604
-18.896,-6.305,-12.432,-1.605
-18.914,-6.308,-12.45,-1.606
-18.931,-6.312,-12.467,-1.607
-18.949,-6.316,-12.485,-1.607
-18.967,-6.319,-12.503,-1.608
-18.985,-6.324,-12.521,-1.608
-19.003,-6.328,-12.539,-1.608
-19.021,-6.332,-12.557,-1.608
-19.039,-6.337,-12.575,-1.608
-19.056,-6.342,-12.593,-1.607
-19.074,-6.347,-12.611,-1.607
-19.092,-6.352,-12.629,-1.606
-19.11,-6.357,-12.648,-1.604
-19.127,-6.363,-12.666,-1.603
-19.145,-6.369,-12.684,-1.601
-19.162,-6.375,-12.703,-1.6
-19.179,-6.381,-12.721,-1.597
-19.196,-6.387,-12.739,-1.595
-19.213,-6.394,-12.758,-1.593
-19.23,-6.4,-12.776,-1.59
-19.246,-6.407,-12.795,-1.587
-19.263,-6.414,-12.813,-1.584
-19.279,-6.422,-12.831,-1.58
-19.295,-6.429,-12.849,-1.577
-19.311,-6.437,-12.868,-1.573
-19.326,-6.445,-12.886,-1.569
-19.342,-6.453,-12.904,-1.564
-19.357,-6.462,-12.922,-1.56
-19.371,-6.47,-12.94,-1.555
-19.386,-6.479,-12.958,-1.55
-19.4,-6.488,-12.976,-1.545
-19.414,-6.498,-12.994,-1.539
-19.427,-6.507,-13.011,-1.534
-19.441,-6.517,-13.029,-1.528
-19.453,-6.527,-13.046,-1.522
-19.466,-6.538,-13.063,-1.516
-19.478,-6.549,-13.081,-1.509
-19.49,-6.56,-13.098,-1.502
-19.501,-6.571,-13.114,-1.496
-19.512,-6.582,-13.131,-1.488
-19.523,-6.594,-13.148,-1.481
-19.533,-6.606,-13.164,-1.474
-19.543,-6.619,-13.18,-1.466
-19.552,-6.632,-13.196,-1.458
-19.561,-6.645,-13.212,-1.45
-19.57,-6.659,-13.227,-1.442
-19.578,-6.672,-13.243,-1.434
-19.585,-6.687,-13.258,-1.425
-19.593,-6.701,-13.273,-1.417
-19.599,-6.716,-13.288,-1.408
-19.606,-6.732,-13.302,-1.399
-19.612,-6.747,-13.316,-1.39
-19.617,-6.763,-13.33,-1.381
-19.622,-6.78,-13.344,-1.371
-19.627,-6.797,-13.358,-1.362
-19.631,-6.814,-13.371,-1.352
-19.635,-6.832,-13.384,-1.342
-19.638,-6.851,-13.396,-1.333
-19.641,-6.869,-13.409,-1.323
-19.644,-6.889,-13.421,-1.313
-19.646,-6.908,-13.433,-1.303
-19.648,-6.928,-13.444,-1.293
-19.65,-6.949,-13.455,-1.283
-19.651,-6.97,-13.466,-1.272
-19.651,-6.992,-13.477,-1.262
-19.652,-7.015,-13.487,-1.252
-19.652,-7.037,-13.497,-1.241
-19.652,-7.061,-13.507,-1.231
-19.652,-7.085,-13.516,-1.221
-19.651,-7.109,-13.525,-1.211
-19.65,-7.135,-13.534,-1.2
-19.649,-7.16,-13.542,-1.19
-19.648,-7.187,-13.551,-1.18
-19.647,-7.214,-13.558,-1.17
-19.645,-7.242,-13.566,-1.16
-19.643,-7.27,-13.573,-1.15
-19.642,-7.299,-13.58,-1.14
-19.64,-7.329,-13.587,-1.13
-19.638,-7.359,-13.593,-1.12
-19.636,-7.39,-13.599,-1.111
-19.634,-7.422,-13.605,-1.101
-19.632,-7.455,-13.61,-1.092
-19.631,-7.488,-13.616,-1.083
-19.629,-7.522,-13.621,-1.074
-19.627,-7.557,-13.625,-1.066
-19.626,-7.593,-13.63,-1.057
-19.625,-7.629,-13.634,-1.049
-19.624,-7.667,-13.638,-1.041
-19.623,-7.705,-13.642,-1.033
-19.623,-7.744,-13.646,-1.026
-19.622,-7.783,-13.649,-1.019
-19.622,-7.824,-13.652,-1.012
-19.623,-7.865,-13.655,-1.005
-19.624,-7.907,-13.658,-0.999
-19.625,-7.951,-13.661,-0.993
-19.627,-7.995,-13.664,-0.988
-19.629,-8.039,-13.666,-0.982
-19.631,-8.085,-13.668,-0.978
-19.634,-8.132,-13.671,-0.973
-19.638,-8.179,-13.673,-0.969
-19.642,-8.228,-13.675,-0.966
-19.647,-8.277,-13.677,-0.963
-19.652,-8.327,-13.68,-0.96
-19.658,-8.378,-13.682,-0.958
-19.665,-8.43,-13.684,-0.957
-19.672,-8.483,-13.686,-0.956
-19.68,-8.537,-13.688,-0.955
-19.688,-8.591,-13.691,-0.955
-19.697,-8.647,-13.693,-0.955
-19.707,-8.703,-13.696,-0.956
-19.718,-8.76,-13.698,-0.958
-19.729,-8.818,-13.701,-0.96
-19.741,-8.877,-13.704,-0.963
-19.754,-8.936,-13.707,-0.966
-19.767,-8.997,-13.71,-0.97
-19.781,-9.058,-13.713,-0.975
-19.796,-9.12,-13.717,-0.98
-19.811,-9.183,-13.721,-0.986
-19.827,-9.246,-13.725,-0.993
-19.843,-9.31,-13.73,-1
-19.861,-9.375,-13.734,-1.008
-19.878,-9.44,-13.739,-1.016
-19.897,-9.506,-13.744,-1.025
-19.916,-9.572,-13.75,-1.035
-19.935,-9.639,-13.756,-1.045
-19.955,-9.706,-13.762,-1.057
-19.975,-9.774,-13.769,-1.068
-19.996,-9.842,-13.776,-1.081
-20.017,-9.911,-13.783,-1.094
-20.038,-9.98,-13.791,-1.108
-20.059,-10.049,-13.799,-1.122
-20.081,-10.118,-13.807,-1.138
-20.102,-10.188,-13.816,-1.154
-20.124,-10.257,-13.825,-1.17
-20.145,-10.327,-13.835,-1.187
-20.167,-10.396,-13.845,-1.205
-20.188,-10.466,-13.856,-1.224
-20.209,-10.535,-13.867,-1.243
-20.23,-10.604,-13.878,-1.263
-20.25,-10.673,-13.89,-1.283
-20.27,-10.741,-13.902,-1.304
-20.289,-10.809,-13.915,-1.326
-20.307,-10.877,-13.928,-1.348
-20.325,-10.944,-13.942,-1.371
-20.341,-11.011,-13.956,-1.395
-20.357,-11.077,-13.97,-1.419
-20.372,-11.142,-13.985,-1.444
-20.385,-11.206,-14,-1.469
-20.397,-11.269,-14.016,-1.495
-20.408,-11.332,-14.032,-1.521
-20.417,-11.393,-14.048,-1.548
-20.425,-11.454,-14.065,-1.575
-20.431,-11.513,-14.082,-1.603
-20.436,-11.572,-14.099,-1.631
-20.438,-11.629,-14.117,-1.66
-20.439,-11.684,-14.135,-1.689
-20.438,-11.739,-14.154,-1.719
-20.435,-11.792,-14.173,-1.749
-20.429,-11.843,-14.192,-1.779
-20.422,-11.894,-14.212,-1.81
-20.412,-11.942,-14.231,-1.841
-20.4,-11.989,-14.251,-1.873
-20.386,-12.035,-14.272,-1.905
-20.369,-12.079,-14.292,-1.937
-20.35,-12.121,-14.313,-1.969
-20.328,-12.162,-14.334,-2.002
-20.305,-12.201,-14.355,-2.035
-20.278,-12.238,-14.377,-2.068
-20.25,-12.274,-14.398,-2.102
-20.218,-12.308,-14.42,-2.136
-20.185,-12.34,-14.442,-2.169
-20.149,-12.371,-14.464,-2.204
-20.11,-12.4,-14.486,-2.238
-20.07,-12.427,-14.508,-2.272
-20.027,-12.453,-14.531,-2.307
-19.982,-12.476,-14.553,-2.342
-19.934,-12.499,-14.576,-2.376
-19.884,-12.519,-14.598,-2.411
-19.833,-12.538,-14.621,-2.446
-19.779,-12.556,-14.643,-2.481
-19.723,-12.572,-14.666,-2.517
-19.665,-12.586,-14.688,-2.552
-19.606,-12.599,-14.711,-2.587
-19.545,-12.611,-14.733,-2.622
-19.482,-12.621,-14.755,-2.657
-19.417,-12.63,-14.777,-2.692
-19.351,-12.637,-14.799,-2.728
-19.283,-12.643,-14.821,-2.763
-19.214,-12.648,-14.843,-2.798
-19.144,-12.652,-14.865,-2.833
-19.072,-12.655,-14.886,-2.868
-18.999,-12.656,-14.908,-2.902
-18.925,-12.656,-14.929,-2.937
-18.85,-12.656,-14.95,-2.972
-18.774,-12.654,-14.97,-3.006
-18.698,-12.652,-14.991,-3.041
-18.62,-12.648,-15.011,-3.075
-18.542,-12.644,-15.031,-3.109
-18.463,-12.639,-15.05,-3.143
-18.383,-12.633,-15.069,-3.176
-18.303,-12.626,-15.088,-3.21
-18.222,-12.619,-15.107,-3.243
-18.141,-12.611,-15.125,-3.277
-18.06,-12.603,-15.143,-3.31
